{
  "study_id": "prompt_variation_001",
  "ablation_type": "prompt_variation",
  "total_variations": 27,
  "total_runs": 81,
  "statistical_analysis": {
    "var_000": {
      "overall_score": {
        "mean": 0.7709999999999999,
        "std": 0.04082482904638634,
        "min": 0.7209999999999999,
        "max": 0.821,
        "values": [
          0.7209999999999999,
          0.7709999999999999,
          0.821
        ]
      },
      "response_time": {
        "mean": 15.71,
        "std": 0.0,
        "min": 15.71,
        "max": 15.71,
        "values": [
          15.71,
          15.71,
          15.71
        ]
      },
      "memory_usage": {
        "mean": 51.419999999999995,
        "std": 7.105427357601002e-15,
        "min": 51.42,
        "max": 51.42,
        "values": [
          51.42,
          51.42,
          51.42
        ]
      },
      "drift_score": {
        "mean": 0.20709999999999998,
        "std": 2.7755575615628914e-17,
        "min": 0.2071,
        "max": 0.2071,
        "values": [
          0.2071,
          0.2071,
          0.2071
        ]
      },
      "cot_quality": {
        "mean": 0.7571,
        "std": 0.0,
        "min": 0.7571,
        "max": 0.7571,
        "values": [
          0.7571,
          0.7571,
          0.7571
        ]
      }
    },
    "var_001": {
      "overall_score": {
        "mean": 0.7600000000000001,
        "std": 0.04082482904638634,
        "min": 0.71,
        "max": 0.81,
        "values": [
          0.71,
          0.76,
          0.81
        ]
      },
      "response_time": {
        "mean": 15.6,
        "std": 0.0,
        "min": 15.6,
        "max": 15.6,
        "values": [
          15.6,
          15.6,
          15.6
        ]
      },
      "memory_usage": {
        "mean": 51.20000000000001,
        "std": 7.105427357601002e-15,
        "min": 51.2,
        "max": 51.2,
        "values": [
          51.2,
          51.2,
          51.2
        ]
      },
      "drift_score": {
        "mean": 0.20600000000000004,
        "std": 2.7755575615628914e-17,
        "min": 0.20600000000000002,
        "max": 0.20600000000000002,
        "values": [
          0.20600000000000002,
          0.20600000000000002,
          0.20600000000000002
        ]
      },
      "cot_quality": {
        "mean": 0.7559999999999999,
        "std": 1.1102230246251565e-16,
        "min": 0.756,
        "max": 0.756,
        "values": [
          0.756,
          0.756,
          0.756
        ]
      }
    },
    "var_002": {
      "overall_score": {
        "mean": 0.707,
        "std": 0.04082482904638634,
        "min": 0.6569999999999999,
        "max": 0.757,
        "values": [
          0.6569999999999999,
          0.707,
          0.757
        ]
      },
      "response_time": {
        "mean": 15.07,
        "std": 0.0,
        "min": 15.07,
        "max": 15.07,
        "values": [
          15.07,
          15.07,
          15.07
        ]
      },
      "memory_usage": {
        "mean": 50.14000000000001,
        "std": 7.105427357601002e-15,
        "min": 50.14,
        "max": 50.14,
        "values": [
          50.14,
          50.14,
          50.14
        ]
      },
      "drift_score": {
        "mean": 0.20070000000000002,
        "std": 0.0,
        "min": 0.20070000000000002,
        "max": 0.20070000000000002,
        "values": [
          0.20070000000000002,
          0.20070000000000002,
          0.20070000000000002
        ]
      },
      "cot_quality": {
        "mean": 0.7507,
        "std": 0.0,
        "min": 0.7507,
        "max": 0.7507,
        "values": [
          0.7507,
          0.7507,
          0.7507
        ]
      }
    },
    "var_003": {
      "overall_score": {
        "mean": 0.703,
        "std": 0.04082482904638634,
        "min": 0.6529999999999999,
        "max": 0.753,
        "values": [
          0.6529999999999999,
          0.703,
          0.753
        ]
      },
      "response_time": {
        "mean": 15.03,
        "std": 0.0,
        "min": 15.03,
        "max": 15.03,
        "values": [
          15.03,
          15.03,
          15.03
        ]
      },
      "memory_usage": {
        "mean": 50.06,
        "std": 0.0,
        "min": 50.06,
        "max": 50.06,
        "values": [
          50.06,
          50.06,
          50.06
        ]
      },
      "drift_score": {
        "mean": 0.2003,
        "std": 0.0,
        "min": 0.2003,
        "max": 0.2003,
        "values": [
          0.2003,
          0.2003,
          0.2003
        ]
      },
      "cot_quality": {
        "mean": 0.7502999999999999,
        "std": 1.1102230246251565e-16,
        "min": 0.7503,
        "max": 0.7503,
        "values": [
          0.7503,
          0.7503,
          0.7503
        ]
      }
    },
    "var_004": {
      "overall_score": {
        "mean": 0.7989999999999999,
        "std": 0.04082482904638634,
        "min": 0.7489999999999999,
        "max": 0.849,
        "values": [
          0.7489999999999999,
          0.7989999999999999,
          0.849
        ]
      },
      "response_time": {
        "mean": 15.99,
        "std": 0.0,
        "min": 15.99,
        "max": 15.99,
        "values": [
          15.99,
          15.99,
          15.99
        ]
      },
      "memory_usage": {
        "mean": 51.98,
        "std": 0.0,
        "min": 51.98,
        "max": 51.98,
        "values": [
          51.98,
          51.98,
          51.98
        ]
      },
      "drift_score": {
        "mean": 0.2099,
        "std": 0.0,
        "min": 0.2099,
        "max": 0.2099,
        "values": [
          0.2099,
          0.2099,
          0.2099
        ]
      },
      "cot_quality": {
        "mean": 0.7599,
        "std": 0.0,
        "min": 0.7599,
        "max": 0.7599,
        "values": [
          0.7599,
          0.7599,
          0.7599
        ]
      }
    },
    "var_005": {
      "overall_score": {
        "mean": 0.7939999999999999,
        "std": 0.04082482904638634,
        "min": 0.7439999999999999,
        "max": 0.844,
        "values": [
          0.7439999999999999,
          0.7939999999999999,
          0.844
        ]
      },
      "response_time": {
        "mean": 15.94,
        "std": 0.0,
        "min": 15.94,
        "max": 15.94,
        "values": [
          15.94,
          15.94,
          15.94
        ]
      },
      "memory_usage": {
        "mean": 51.88,
        "std": 0.0,
        "min": 51.88,
        "max": 51.88,
        "values": [
          51.88,
          51.88,
          51.88
        ]
      },
      "drift_score": {
        "mean": 0.2094,
        "std": 0.0,
        "min": 0.2094,
        "max": 0.2094,
        "values": [
          0.2094,
          0.2094,
          0.2094
        ]
      },
      "cot_quality": {
        "mean": 0.7594,
        "std": 0.0,
        "min": 0.7594,
        "max": 0.7594,
        "values": [
          0.7594,
          0.7594,
          0.7594
        ]
      }
    },
    "var_006": {
      "overall_score": {
        "mean": 0.737,
        "std": 0.04082482904638634,
        "min": 0.6869999999999999,
        "max": 0.787,
        "values": [
          0.6869999999999999,
          0.737,
          0.787
        ]
      },
      "response_time": {
        "mean": 15.37,
        "std": 0.0,
        "min": 15.37,
        "max": 15.37,
        "values": [
          15.37,
          15.37,
          15.37
        ]
      },
      "memory_usage": {
        "mean": 50.74,
        "std": 0.0,
        "min": 50.74,
        "max": 50.74,
        "values": [
          50.74,
          50.74,
          50.74
        ]
      },
      "drift_score": {
        "mean": 0.20370000000000002,
        "std": 0.0,
        "min": 0.20370000000000002,
        "max": 0.20370000000000002,
        "values": [
          0.20370000000000002,
          0.20370000000000002,
          0.20370000000000002
        ]
      },
      "cot_quality": {
        "mean": 0.7536999999999999,
        "std": 1.1102230246251565e-16,
        "min": 0.7537,
        "max": 0.7537,
        "values": [
          0.7537,
          0.7537,
          0.7537
        ]
      }
    },
    "var_007": {
      "overall_score": {
        "mean": 0.773,
        "std": 0.04082482904638634,
        "min": 0.7229999999999999,
        "max": 0.823,
        "values": [
          0.7229999999999999,
          0.7729999999999999,
          0.823
        ]
      },
      "response_time": {
        "mean": 15.729999999999999,
        "std": 1.7763568394002505e-15,
        "min": 15.73,
        "max": 15.73,
        "values": [
          15.73,
          15.73,
          15.73
        ]
      },
      "memory_usage": {
        "mean": 51.46,
        "std": 0.0,
        "min": 51.46,
        "max": 51.46,
        "values": [
          51.46,
          51.46,
          51.46
        ]
      },
      "drift_score": {
        "mean": 0.2073,
        "std": 0.0,
        "min": 0.2073,
        "max": 0.2073,
        "values": [
          0.2073,
          0.2073,
          0.2073
        ]
      },
      "cot_quality": {
        "mean": 0.7573,
        "std": 0.0,
        "min": 0.7573,
        "max": 0.7573,
        "values": [
          0.7573,
          0.7573,
          0.7573
        ]
      }
    },
    "var_008": {
      "overall_score": {
        "mean": 0.75,
        "std": 0.04082482904638634,
        "min": 0.7,
        "max": 0.8,
        "values": [
          0.7,
          0.75,
          0.8
        ]
      },
      "response_time": {
        "mean": 15.5,
        "std": 0.0,
        "min": 15.5,
        "max": 15.5,
        "values": [
          15.5,
          15.5,
          15.5
        ]
      },
      "memory_usage": {
        "mean": 51.0,
        "std": 0.0,
        "min": 51.0,
        "max": 51.0,
        "values": [
          51.0,
          51.0,
          51.0
        ]
      },
      "drift_score": {
        "mean": 0.205,
        "std": 2.7755575615628914e-17,
        "min": 0.20500000000000002,
        "max": 0.20500000000000002,
        "values": [
          0.20500000000000002,
          0.20500000000000002,
          0.20500000000000002
        ]
      },
      "cot_quality": {
        "mean": 0.755,
        "std": 0.0,
        "min": 0.755,
        "max": 0.755,
        "values": [
          0.755,
          0.755,
          0.755
        ]
      }
    },
    "var_009": {
      "overall_score": {
        "mean": 0.718,
        "std": 0.04082482904638634,
        "min": 0.6679999999999999,
        "max": 0.768,
        "values": [
          0.6679999999999999,
          0.718,
          0.768
        ]
      },
      "response_time": {
        "mean": 15.18,
        "std": 0.0,
        "min": 15.18,
        "max": 15.18,
        "values": [
          15.18,
          15.18,
          15.18
        ]
      },
      "memory_usage": {
        "mean": 50.35999999999999,
        "std": 7.105427357601002e-15,
        "min": 50.36,
        "max": 50.36,
        "values": [
          50.36,
          50.36,
          50.36
        ]
      },
      "drift_score": {
        "mean": 0.2018,
        "std": 0.0,
        "min": 0.2018,
        "max": 0.2018,
        "values": [
          0.2018,
          0.2018,
          0.2018
        ]
      },
      "cot_quality": {
        "mean": 0.7517999999999999,
        "std": 1.1102230246251565e-16,
        "min": 0.7518,
        "max": 0.7518,
        "values": [
          0.7518,
          0.7518,
          0.7518
        ]
      }
    },
    "var_010": {
      "overall_score": {
        "mean": 0.7769999999999998,
        "std": 0.04082482904638634,
        "min": 0.7269999999999999,
        "max": 0.827,
        "values": [
          0.7269999999999999,
          0.7769999999999999,
          0.827
        ]
      },
      "response_time": {
        "mean": 15.770000000000001,
        "std": 1.7763568394002505e-15,
        "min": 15.77,
        "max": 15.77,
        "values": [
          15.77,
          15.77,
          15.77
        ]
      },
      "memory_usage": {
        "mean": 51.54,
        "std": 0.0,
        "min": 51.54,
        "max": 51.54,
        "values": [
          51.54,
          51.54,
          51.54
        ]
      },
      "drift_score": {
        "mean": 0.20770000000000002,
        "std": 0.0,
        "min": 0.20770000000000002,
        "max": 0.20770000000000002,
        "values": [
          0.20770000000000002,
          0.20770000000000002,
          0.20770000000000002
        ]
      },
      "cot_quality": {
        "mean": 0.7577000000000002,
        "std": 1.1102230246251565e-16,
        "min": 0.7577,
        "max": 0.7577,
        "values": [
          0.7577,
          0.7577,
          0.7577
        ]
      }
    },
    "var_011": {
      "overall_score": {
        "mean": 0.7239999999999999,
        "std": 0.04082482904638634,
        "min": 0.6739999999999999,
        "max": 0.774,
        "values": [
          0.6739999999999999,
          0.724,
          0.774
        ]
      },
      "response_time": {
        "mean": 15.24,
        "std": 0.0,
        "min": 15.24,
        "max": 15.24,
        "values": [
          15.24,
          15.24,
          15.24
        ]
      },
      "memory_usage": {
        "mean": 50.48,
        "std": 0.0,
        "min": 50.48,
        "max": 50.48,
        "values": [
          50.48,
          50.48,
          50.48
        ]
      },
      "drift_score": {
        "mean": 0.20240000000000002,
        "std": 0.0,
        "min": 0.20240000000000002,
        "max": 0.20240000000000002,
        "values": [
          0.20240000000000002,
          0.20240000000000002,
          0.20240000000000002
        ]
      },
      "cot_quality": {
        "mean": 0.7524000000000001,
        "std": 1.1102230246251565e-16,
        "min": 0.7524,
        "max": 0.7524,
        "values": [
          0.7524,
          0.7524,
          0.7524
        ]
      }
    },
    "var_012": {
      "overall_score": {
        "mean": 0.7639999999999999,
        "std": 0.04082482904638634,
        "min": 0.714,
        "max": 0.8140000000000001,
        "values": [
          0.714,
          0.764,
          0.8140000000000001
        ]
      },
      "response_time": {
        "mean": 15.64,
        "std": 0.0,
        "min": 15.64,
        "max": 15.64,
        "values": [
          15.64,
          15.64,
          15.64
        ]
      },
      "memory_usage": {
        "mean": 51.28,
        "std": 0.0,
        "min": 51.28,
        "max": 51.28,
        "values": [
          51.28,
          51.28,
          51.28
        ]
      },
      "drift_score": {
        "mean": 0.2064,
        "std": 0.0,
        "min": 0.2064,
        "max": 0.2064,
        "values": [
          0.2064,
          0.2064,
          0.2064
        ]
      },
      "cot_quality": {
        "mean": 0.7563999999999999,
        "std": 1.1102230246251565e-16,
        "min": 0.7564,
        "max": 0.7564,
        "values": [
          0.7564,
          0.7564,
          0.7564
        ]
      }
    },
    "var_013": {
      "overall_score": {
        "mean": 0.722,
        "std": 0.04082482904638634,
        "min": 0.6719999999999999,
        "max": 0.772,
        "values": [
          0.6719999999999999,
          0.722,
          0.772
        ]
      },
      "response_time": {
        "mean": 15.22,
        "std": 0.0,
        "min": 15.22,
        "max": 15.22,
        "values": [
          15.22,
          15.22,
          15.22
        ]
      },
      "memory_usage": {
        "mean": 50.44,
        "std": 0.0,
        "min": 50.44,
        "max": 50.44,
        "values": [
          50.44,
          50.44,
          50.44
        ]
      },
      "drift_score": {
        "mean": 0.20220000000000002,
        "std": 0.0,
        "min": 0.20220000000000002,
        "max": 0.20220000000000002,
        "values": [
          0.20220000000000002,
          0.20220000000000002,
          0.20220000000000002
        ]
      },
      "cot_quality": {
        "mean": 0.7521999999999999,
        "std": 1.1102230246251565e-16,
        "min": 0.7522,
        "max": 0.7522,
        "values": [
          0.7522,
          0.7522,
          0.7522
        ]
      }
    },
    "var_014": {
      "overall_score": {
        "mean": 0.7200000000000001,
        "std": 0.04082482904638634,
        "min": 0.6699999999999999,
        "max": 0.77,
        "values": [
          0.6699999999999999,
          0.72,
          0.77
        ]
      },
      "response_time": {
        "mean": 15.199999999999998,
        "std": 1.7763568394002505e-15,
        "min": 15.2,
        "max": 15.2,
        "values": [
          15.2,
          15.2,
          15.2
        ]
      },
      "memory_usage": {
        "mean": 50.4,
        "std": 0.0,
        "min": 50.4,
        "max": 50.4,
        "values": [
          50.4,
          50.4,
          50.4
        ]
      },
      "drift_score": {
        "mean": 0.20200000000000004,
        "std": 2.7755575615628914e-17,
        "min": 0.202,
        "max": 0.202,
        "values": [
          0.202,
          0.202,
          0.202
        ]
      },
      "cot_quality": {
        "mean": 0.7520000000000001,
        "std": 1.1102230246251565e-16,
        "min": 0.752,
        "max": 0.752,
        "values": [
          0.752,
          0.752,
          0.752
        ]
      }
    },
    "var_015": {
      "overall_score": {
        "mean": 0.7479999999999999,
        "std": 0.04082482904638634,
        "min": 0.698,
        "max": 0.798,
        "values": [
          0.698,
          0.748,
          0.798
        ]
      },
      "response_time": {
        "mean": 15.479999999999999,
        "std": 1.7763568394002505e-15,
        "min": 15.48,
        "max": 15.48,
        "values": [
          15.48,
          15.48,
          15.48
        ]
      },
      "memory_usage": {
        "mean": 50.96,
        "std": 0.0,
        "min": 50.96,
        "max": 50.96,
        "values": [
          50.96,
          50.96,
          50.96
        ]
      },
      "drift_score": {
        "mean": 0.2048,
        "std": 0.0,
        "min": 0.2048,
        "max": 0.2048,
        "values": [
          0.2048,
          0.2048,
          0.2048
        ]
      },
      "cot_quality": {
        "mean": 0.7548,
        "std": 0.0,
        "min": 0.7548,
        "max": 0.7548,
        "values": [
          0.7548,
          0.7548,
          0.7548
        ]
      }
    },
    "var_016": {
      "overall_score": {
        "mean": 0.741,
        "std": 0.04082482904638634,
        "min": 0.691,
        "max": 0.791,
        "values": [
          0.691,
          0.741,
          0.791
        ]
      },
      "response_time": {
        "mean": 15.410000000000002,
        "std": 1.7763568394002505e-15,
        "min": 15.41,
        "max": 15.41,
        "values": [
          15.41,
          15.41,
          15.41
        ]
      },
      "memory_usage": {
        "mean": 50.82,
        "std": 0.0,
        "min": 50.82,
        "max": 50.82,
        "values": [
          50.82,
          50.82,
          50.82
        ]
      },
      "drift_score": {
        "mean": 0.20410000000000003,
        "std": 2.7755575615628914e-17,
        "min": 0.2041,
        "max": 0.2041,
        "values": [
          0.2041,
          0.2041,
          0.2041
        ]
      },
      "cot_quality": {
        "mean": 0.7540999999999999,
        "std": 1.1102230246251565e-16,
        "min": 0.7541,
        "max": 0.7541,
        "values": [
          0.7541,
          0.7541,
          0.7541
        ]
      }
    },
    "var_017": {
      "overall_score": {
        "mean": 0.7440000000000001,
        "std": 0.04082482904638634,
        "min": 0.694,
        "max": 0.794,
        "values": [
          0.694,
          0.744,
          0.794
        ]
      },
      "response_time": {
        "mean": 15.44,
        "std": 0.0,
        "min": 15.44,
        "max": 15.44,
        "values": [
          15.44,
          15.44,
          15.44
        ]
      },
      "memory_usage": {
        "mean": 50.88,
        "std": 0.0,
        "min": 50.88,
        "max": 50.88,
        "values": [
          50.88,
          50.88,
          50.88
        ]
      },
      "drift_score": {
        "mean": 0.2044,
        "std": 0.0,
        "min": 0.2044,
        "max": 0.2044,
        "values": [
          0.2044,
          0.2044,
          0.2044
        ]
      },
      "cot_quality": {
        "mean": 0.7544,
        "std": 0.0,
        "min": 0.7544,
        "max": 0.7544,
        "values": [
          0.7544,
          0.7544,
          0.7544
        ]
      }
    },
    "var_018": {
      "overall_score": {
        "mean": 0.7239999999999999,
        "std": 0.04082482904638634,
        "min": 0.6739999999999999,
        "max": 0.774,
        "values": [
          0.6739999999999999,
          0.724,
          0.774
        ]
      },
      "response_time": {
        "mean": 15.24,
        "std": 0.0,
        "min": 15.24,
        "max": 15.24,
        "values": [
          15.24,
          15.24,
          15.24
        ]
      },
      "memory_usage": {
        "mean": 50.48,
        "std": 0.0,
        "min": 50.48,
        "max": 50.48,
        "values": [
          50.48,
          50.48,
          50.48
        ]
      },
      "drift_score": {
        "mean": 0.20240000000000002,
        "std": 0.0,
        "min": 0.20240000000000002,
        "max": 0.20240000000000002,
        "values": [
          0.20240000000000002,
          0.20240000000000002,
          0.20240000000000002
        ]
      },
      "cot_quality": {
        "mean": 0.7524000000000001,
        "std": 1.1102230246251565e-16,
        "min": 0.7524,
        "max": 0.7524,
        "values": [
          0.7524,
          0.7524,
          0.7524
        ]
      }
    },
    "var_019": {
      "overall_score": {
        "mean": 0.731,
        "std": 0.04082482904638634,
        "min": 0.6809999999999999,
        "max": 0.781,
        "values": [
          0.6809999999999999,
          0.731,
          0.781
        ]
      },
      "response_time": {
        "mean": 15.31,
        "std": 0.0,
        "min": 15.31,
        "max": 15.31,
        "values": [
          15.31,
          15.31,
          15.31
        ]
      },
      "memory_usage": {
        "mean": 50.62,
        "std": 0.0,
        "min": 50.62,
        "max": 50.62,
        "values": [
          50.62,
          50.62,
          50.62
        ]
      },
      "drift_score": {
        "mean": 0.20309999999999997,
        "std": 2.7755575615628914e-17,
        "min": 0.2031,
        "max": 0.2031,
        "values": [
          0.2031,
          0.2031,
          0.2031
        ]
      },
      "cot_quality": {
        "mean": 0.7531,
        "std": 0.0,
        "min": 0.7531,
        "max": 0.7531,
        "values": [
          0.7531,
          0.7531,
          0.7531
        ]
      }
    },
    "var_020": {
      "overall_score": {
        "mean": 0.754,
        "std": 0.04082482904638634,
        "min": 0.704,
        "max": 0.804,
        "values": [
          0.704,
          0.754,
          0.804
        ]
      },
      "response_time": {
        "mean": 15.54,
        "std": 0.0,
        "min": 15.54,
        "max": 15.54,
        "values": [
          15.54,
          15.54,
          15.54
        ]
      },
      "memory_usage": {
        "mean": 51.080000000000005,
        "std": 7.105427357601002e-15,
        "min": 51.08,
        "max": 51.08,
        "values": [
          51.08,
          51.08,
          51.08
        ]
      },
      "drift_score": {
        "mean": 0.2054,
        "std": 0.0,
        "min": 0.2054,
        "max": 0.2054,
        "values": [
          0.2054,
          0.2054,
          0.2054
        ]
      },
      "cot_quality": {
        "mean": 0.7554,
        "std": 0.0,
        "min": 0.7554,
        "max": 0.7554,
        "values": [
          0.7554,
          0.7554,
          0.7554
        ]
      }
    },
    "var_021": {
      "overall_score": {
        "mean": 0.741,
        "std": 0.04082482904638634,
        "min": 0.691,
        "max": 0.791,
        "values": [
          0.691,
          0.741,
          0.791
        ]
      },
      "response_time": {
        "mean": 15.410000000000002,
        "std": 1.7763568394002505e-15,
        "min": 15.41,
        "max": 15.41,
        "values": [
          15.41,
          15.41,
          15.41
        ]
      },
      "memory_usage": {
        "mean": 50.82,
        "std": 0.0,
        "min": 50.82,
        "max": 50.82,
        "values": [
          50.82,
          50.82,
          50.82
        ]
      },
      "drift_score": {
        "mean": 0.20410000000000003,
        "std": 2.7755575615628914e-17,
        "min": 0.2041,
        "max": 0.2041,
        "values": [
          0.2041,
          0.2041,
          0.2041
        ]
      },
      "cot_quality": {
        "mean": 0.7540999999999999,
        "std": 1.1102230246251565e-16,
        "min": 0.7541,
        "max": 0.7541,
        "values": [
          0.7541,
          0.7541,
          0.7541
        ]
      }
    },
    "var_022": {
      "overall_score": {
        "mean": 0.7669999999999999,
        "std": 0.04082482904638634,
        "min": 0.7169999999999999,
        "max": 0.817,
        "values": [
          0.7169999999999999,
          0.7669999999999999,
          0.817
        ]
      },
      "response_time": {
        "mean": 15.67,
        "std": 0.0,
        "min": 15.67,
        "max": 15.67,
        "values": [
          15.67,
          15.67,
          15.67
        ]
      },
      "memory_usage": {
        "mean": 51.34,
        "std": 0.0,
        "min": 51.34,
        "max": 51.34,
        "values": [
          51.34,
          51.34,
          51.34
        ]
      },
      "drift_score": {
        "mean": 0.20670000000000002,
        "std": 0.0,
        "min": 0.20670000000000002,
        "max": 0.20670000000000002,
        "values": [
          0.20670000000000002,
          0.20670000000000002,
          0.20670000000000002
        ]
      },
      "cot_quality": {
        "mean": 0.7567,
        "std": 0.0,
        "min": 0.7567,
        "max": 0.7567,
        "values": [
          0.7567,
          0.7567,
          0.7567
        ]
      }
    },
    "var_023": {
      "overall_score": {
        "mean": 0.725,
        "std": 0.04082482904638634,
        "min": 0.6749999999999999,
        "max": 0.775,
        "values": [
          0.6749999999999999,
          0.725,
          0.775
        ]
      },
      "response_time": {
        "mean": 15.25,
        "std": 0.0,
        "min": 15.25,
        "max": 15.25,
        "values": [
          15.25,
          15.25,
          15.25
        ]
      },
      "memory_usage": {
        "mean": 50.5,
        "std": 0.0,
        "min": 50.5,
        "max": 50.5,
        "values": [
          50.5,
          50.5,
          50.5
        ]
      },
      "drift_score": {
        "mean": 0.2025,
        "std": 0.0,
        "min": 0.2025,
        "max": 0.2025,
        "values": [
          0.2025,
          0.2025,
          0.2025
        ]
      },
      "cot_quality": {
        "mean": 0.7525,
        "std": 0.0,
        "min": 0.7525,
        "max": 0.7525,
        "values": [
          0.7525,
          0.7525,
          0.7525
        ]
      }
    },
    "var_024": {
      "overall_score": {
        "mean": 0.7929999999999998,
        "std": 0.04082482904638634,
        "min": 0.7429999999999999,
        "max": 0.843,
        "values": [
          0.7429999999999999,
          0.7929999999999999,
          0.843
        ]
      },
      "response_time": {
        "mean": 15.93,
        "std": 0.0,
        "min": 15.93,
        "max": 15.93,
        "values": [
          15.93,
          15.93,
          15.93
        ]
      },
      "memory_usage": {
        "mean": 51.85999999999999,
        "std": 7.105427357601002e-15,
        "min": 51.86,
        "max": 51.86,
        "values": [
          51.86,
          51.86,
          51.86
        ]
      },
      "drift_score": {
        "mean": 0.2093,
        "std": 0.0,
        "min": 0.2093,
        "max": 0.2093,
        "values": [
          0.2093,
          0.2093,
          0.2093
        ]
      },
      "cot_quality": {
        "mean": 0.7593,
        "std": 0.0,
        "min": 0.7593,
        "max": 0.7593,
        "values": [
          0.7593,
          0.7593,
          0.7593
        ]
      }
    },
    "var_025": {
      "overall_score": {
        "mean": 0.6999999999999998,
        "std": 0.04082482904638634,
        "min": 0.6499999999999999,
        "max": 0.75,
        "values": [
          0.6499999999999999,
          0.7,
          0.75
        ]
      },
      "response_time": {
        "mean": 15.0,
        "std": 0.0,
        "min": 15.0,
        "max": 15.0,
        "values": [
          15.0,
          15.0,
          15.0
        ]
      },
      "memory_usage": {
        "mean": 50.0,
        "std": 0.0,
        "min": 50.0,
        "max": 50.0,
        "values": [
          50.0,
          50.0,
          50.0
        ]
      },
      "drift_score": {
        "mean": 0.20000000000000004,
        "std": 2.7755575615628914e-17,
        "min": 0.2,
        "max": 0.2,
        "values": [
          0.2,
          0.2,
          0.2
        ]
      },
      "cot_quality": {
        "mean": 0.75,
        "std": 0.0,
        "min": 0.75,
        "max": 0.75,
        "values": [
          0.75,
          0.75,
          0.75
        ]
      }
    },
    "var_026": {
      "overall_score": {
        "mean": 0.731,
        "std": 0.04082482904638634,
        "min": 0.6809999999999999,
        "max": 0.781,
        "values": [
          0.6809999999999999,
          0.731,
          0.781
        ]
      },
      "response_time": {
        "mean": 15.31,
        "std": 0.0,
        "min": 15.31,
        "max": 15.31,
        "values": [
          15.31,
          15.31,
          15.31
        ]
      },
      "memory_usage": {
        "mean": 50.62,
        "std": 0.0,
        "min": 50.62,
        "max": 50.62,
        "values": [
          50.62,
          50.62,
          50.62
        ]
      },
      "drift_score": {
        "mean": 0.20309999999999997,
        "std": 2.7755575615628914e-17,
        "min": 0.2031,
        "max": 0.2031,
        "values": [
          0.2031,
          0.2031,
          0.2031
        ]
      },
      "cot_quality": {
        "mean": 0.7531,
        "std": 0.0,
        "min": 0.7531,
        "max": 0.7531,
        "values": [
          0.7531,
          0.7531,
          0.7531
        ]
      }
    }
  },
  "best_variation": "var_004",
  "worst_variation": "var_025",
  "timestamp": "2025-09-08T21:36:14.135671",
  "results": [
    {
      "variation_id": "var_000",
      "run_number": 1,
      "metrics": {
        "overall_score": 0.7209999999999999,
        "response_time": 15.71,
        "memory_usage": 51.42,
        "drift_score": 0.2071,
        "cot_quality": 0.7571
      },
      "timestamp": "2025-09-08T21:36:14.132466"
    },
    {
      "variation_id": "var_000",
      "run_number": 2,
      "metrics": {
        "overall_score": 0.7709999999999999,
        "response_time": 15.71,
        "memory_usage": 51.42,
        "drift_score": 0.2071,
        "cot_quality": 0.7571
      },
      "timestamp": "2025-09-08T21:36:14.132484"
    },
    {
      "variation_id": "var_000",
      "run_number": 3,
      "metrics": {
        "overall_score": 0.821,
        "response_time": 15.71,
        "memory_usage": 51.42,
        "drift_score": 0.2071,
        "cot_quality": 0.7571
      },
      "timestamp": "2025-09-08T21:36:14.132495"
    },
    {
      "variation_id": "var_001",
      "run_number": 1,
      "metrics": {
        "overall_score": 0.71,
        "response_time": 15.6,
        "memory_usage": 51.2,
        "drift_score": 0.20600000000000002,
        "cot_quality": 0.756
      },
      "timestamp": "2025-09-08T21:36:14.132506"
    },
    {
      "variation_id": "var_001",
      "run_number": 2,
      "metrics": {
        "overall_score": 0.76,
        "response_time": 15.6,
        "memory_usage": 51.2,
        "drift_score": 0.20600000000000002,
        "cot_quality": 0.756
      },
      "timestamp": "2025-09-08T21:36:14.132516"
    },
    {
      "variation_id": "var_001",
      "run_number": 3,
      "metrics": {
        "overall_score": 0.81,
        "response_time": 15.6,
        "memory_usage": 51.2,
        "drift_score": 0.20600000000000002,
        "cot_quality": 0.756
      },
      "timestamp": "2025-09-08T21:36:14.132526"
    },
    {
      "variation_id": "var_002",
      "run_number": 1,
      "metrics": {
        "overall_score": 0.6569999999999999,
        "response_time": 15.07,
        "memory_usage": 50.14,
        "drift_score": 0.20070000000000002,
        "cot_quality": 0.7507
      },
      "timestamp": "2025-09-08T21:36:14.132538"
    },
    {
      "variation_id": "var_002",
      "run_number": 2,
      "metrics": {
        "overall_score": 0.707,
        "response_time": 15.07,
        "memory_usage": 50.14,
        "drift_score": 0.20070000000000002,
        "cot_quality": 0.7507
      },
      "timestamp": "2025-09-08T21:36:14.132548"
    },
    {
      "variation_id": "var_002",
      "run_number": 3,
      "metrics": {
        "overall_score": 0.757,
        "response_time": 15.07,
        "memory_usage": 50.14,
        "drift_score": 0.20070000000000002,
        "cot_quality": 0.7507
      },
      "timestamp": "2025-09-08T21:36:14.132558"
    },
    {
      "variation_id": "var_003",
      "run_number": 1,
      "metrics": {
        "overall_score": 0.6529999999999999,
        "response_time": 15.03,
        "memory_usage": 50.06,
        "drift_score": 0.2003,
        "cot_quality": 0.7503
      },
      "timestamp": "2025-09-08T21:36:14.132568"
    },
    {
      "variation_id": "var_003",
      "run_number": 2,
      "metrics": {
        "overall_score": 0.703,
        "response_time": 15.03,
        "memory_usage": 50.06,
        "drift_score": 0.2003,
        "cot_quality": 0.7503
      },
      "timestamp": "2025-09-08T21:36:14.132578"
    },
    {
      "variation_id": "var_003",
      "run_number": 3,
      "metrics": {
        "overall_score": 0.753,
        "response_time": 15.03,
        "memory_usage": 50.06,
        "drift_score": 0.2003,
        "cot_quality": 0.7503
      },
      "timestamp": "2025-09-08T21:36:14.132587"
    },
    {
      "variation_id": "var_004",
      "run_number": 1,
      "metrics": {
        "overall_score": 0.7489999999999999,
        "response_time": 15.99,
        "memory_usage": 51.98,
        "drift_score": 0.2099,
        "cot_quality": 0.7599
      },
      "timestamp": "2025-09-08T21:36:14.132597"
    },
    {
      "variation_id": "var_004",
      "run_number": 2,
      "metrics": {
        "overall_score": 0.7989999999999999,
        "response_time": 15.99,
        "memory_usage": 51.98,
        "drift_score": 0.2099,
        "cot_quality": 0.7599
      },
      "timestamp": "2025-09-08T21:36:14.132607"
    },
    {
      "variation_id": "var_004",
      "run_number": 3,
      "metrics": {
        "overall_score": 0.849,
        "response_time": 15.99,
        "memory_usage": 51.98,
        "drift_score": 0.2099,
        "cot_quality": 0.7599
      },
      "timestamp": "2025-09-08T21:36:14.132617"
    },
    {
      "variation_id": "var_005",
      "run_number": 1,
      "metrics": {
        "overall_score": 0.7439999999999999,
        "response_time": 15.94,
        "memory_usage": 51.88,
        "drift_score": 0.2094,
        "cot_quality": 0.7594
      },
      "timestamp": "2025-09-08T21:36:14.132627"
    },
    {
      "variation_id": "var_005",
      "run_number": 2,
      "metrics": {
        "overall_score": 0.7939999999999999,
        "response_time": 15.94,
        "memory_usage": 51.88,
        "drift_score": 0.2094,
        "cot_quality": 0.7594
      },
      "timestamp": "2025-09-08T21:36:14.132637"
    },
    {
      "variation_id": "var_005",
      "run_number": 3,
      "metrics": {
        "overall_score": 0.844,
        "response_time": 15.94,
        "memory_usage": 51.88,
        "drift_score": 0.2094,
        "cot_quality": 0.7594
      },
      "timestamp": "2025-09-08T21:36:14.132647"
    },
    {
      "variation_id": "var_006",
      "run_number": 1,
      "metrics": {
        "overall_score": 0.6869999999999999,
        "response_time": 15.37,
        "memory_usage": 50.74,
        "drift_score": 0.20370000000000002,
        "cot_quality": 0.7537
      },
      "timestamp": "2025-09-08T21:36:14.132658"
    },
    {
      "variation_id": "var_006",
      "run_number": 2,
      "metrics": {
        "overall_score": 0.737,
        "response_time": 15.37,
        "memory_usage": 50.74,
        "drift_score": 0.20370000000000002,
        "cot_quality": 0.7537
      },
      "timestamp": "2025-09-08T21:36:14.132667"
    },
    {
      "variation_id": "var_006",
      "run_number": 3,
      "metrics": {
        "overall_score": 0.787,
        "response_time": 15.37,
        "memory_usage": 50.74,
        "drift_score": 0.20370000000000002,
        "cot_quality": 0.7537
      },
      "timestamp": "2025-09-08T21:36:14.132677"
    },
    {
      "variation_id": "var_007",
      "run_number": 1,
      "metrics": {
        "overall_score": 0.7229999999999999,
        "response_time": 15.73,
        "memory_usage": 51.46,
        "drift_score": 0.2073,
        "cot_quality": 0.7573
      },
      "timestamp": "2025-09-08T21:36:14.132686"
    },
    {
      "variation_id": "var_007",
      "run_number": 2,
      "metrics": {
        "overall_score": 0.7729999999999999,
        "response_time": 15.73,
        "memory_usage": 51.46,
        "drift_score": 0.2073,
        "cot_quality": 0.7573
      },
      "timestamp": "2025-09-08T21:36:14.132696"
    },
    {
      "variation_id": "var_007",
      "run_number": 3,
      "metrics": {
        "overall_score": 0.823,
        "response_time": 15.73,
        "memory_usage": 51.46,
        "drift_score": 0.2073,
        "cot_quality": 0.7573
      },
      "timestamp": "2025-09-08T21:36:14.132705"
    },
    {
      "variation_id": "var_008",
      "run_number": 1,
      "metrics": {
        "overall_score": 0.7,
        "response_time": 15.5,
        "memory_usage": 51.0,
        "drift_score": 0.20500000000000002,
        "cot_quality": 0.755
      },
      "timestamp": "2025-09-08T21:36:14.132715"
    },
    {
      "variation_id": "var_008",
      "run_number": 2,
      "metrics": {
        "overall_score": 0.75,
        "response_time": 15.5,
        "memory_usage": 51.0,
        "drift_score": 0.20500000000000002,
        "cot_quality": 0.755
      },
      "timestamp": "2025-09-08T21:36:14.132725"
    },
    {
      "variation_id": "var_008",
      "run_number": 3,
      "metrics": {
        "overall_score": 0.8,
        "response_time": 15.5,
        "memory_usage": 51.0,
        "drift_score": 0.20500000000000002,
        "cot_quality": 0.755
      },
      "timestamp": "2025-09-08T21:36:14.132734"
    },
    {
      "variation_id": "var_009",
      "run_number": 1,
      "metrics": {
        "overall_score": 0.6679999999999999,
        "response_time": 15.18,
        "memory_usage": 50.36,
        "drift_score": 0.2018,
        "cot_quality": 0.7518
      },
      "timestamp": "2025-09-08T21:36:14.132744"
    },
    {
      "variation_id": "var_009",
      "run_number": 2,
      "metrics": {
        "overall_score": 0.718,
        "response_time": 15.18,
        "memory_usage": 50.36,
        "drift_score": 0.2018,
        "cot_quality": 0.7518
      },
      "timestamp": "2025-09-08T21:36:14.132753"
    },
    {
      "variation_id": "var_009",
      "run_number": 3,
      "metrics": {
        "overall_score": 0.768,
        "response_time": 15.18,
        "memory_usage": 50.36,
        "drift_score": 0.2018,
        "cot_quality": 0.7518
      },
      "timestamp": "2025-09-08T21:36:14.132763"
    },
    {
      "variation_id": "var_010",
      "run_number": 1,
      "metrics": {
        "overall_score": 0.7269999999999999,
        "response_time": 15.77,
        "memory_usage": 51.54,
        "drift_score": 0.20770000000000002,
        "cot_quality": 0.7577
      },
      "timestamp": "2025-09-08T21:36:14.132772"
    },
    {
      "variation_id": "var_010",
      "run_number": 2,
      "metrics": {
        "overall_score": 0.7769999999999999,
        "response_time": 15.77,
        "memory_usage": 51.54,
        "drift_score": 0.20770000000000002,
        "cot_quality": 0.7577
      },
      "timestamp": "2025-09-08T21:36:14.132781"
    },
    {
      "variation_id": "var_010",
      "run_number": 3,
      "metrics": {
        "overall_score": 0.827,
        "response_time": 15.77,
        "memory_usage": 51.54,
        "drift_score": 0.20770000000000002,
        "cot_quality": 0.7577
      },
      "timestamp": "2025-09-08T21:36:14.132791"
    },
    {
      "variation_id": "var_011",
      "run_number": 1,
      "metrics": {
        "overall_score": 0.6739999999999999,
        "response_time": 15.24,
        "memory_usage": 50.48,
        "drift_score": 0.20240000000000002,
        "cot_quality": 0.7524
      },
      "timestamp": "2025-09-08T21:36:14.132800"
    },
    {
      "variation_id": "var_011",
      "run_number": 2,
      "metrics": {
        "overall_score": 0.724,
        "response_time": 15.24,
        "memory_usage": 50.48,
        "drift_score": 0.20240000000000002,
        "cot_quality": 0.7524
      },
      "timestamp": "2025-09-08T21:36:14.132810"
    },
    {
      "variation_id": "var_011",
      "run_number": 3,
      "metrics": {
        "overall_score": 0.774,
        "response_time": 15.24,
        "memory_usage": 50.48,
        "drift_score": 0.20240000000000002,
        "cot_quality": 0.7524
      },
      "timestamp": "2025-09-08T21:36:14.132853"
    },
    {
      "variation_id": "var_012",
      "run_number": 1,
      "metrics": {
        "overall_score": 0.714,
        "response_time": 15.64,
        "memory_usage": 51.28,
        "drift_score": 0.2064,
        "cot_quality": 0.7564
      },
      "timestamp": "2025-09-08T21:36:14.132864"
    },
    {
      "variation_id": "var_012",
      "run_number": 2,
      "metrics": {
        "overall_score": 0.764,
        "response_time": 15.64,
        "memory_usage": 51.28,
        "drift_score": 0.2064,
        "cot_quality": 0.7564
      },
      "timestamp": "2025-09-08T21:36:14.132875"
    },
    {
      "variation_id": "var_012",
      "run_number": 3,
      "metrics": {
        "overall_score": 0.8140000000000001,
        "response_time": 15.64,
        "memory_usage": 51.28,
        "drift_score": 0.2064,
        "cot_quality": 0.7564
      },
      "timestamp": "2025-09-08T21:36:14.132885"
    },
    {
      "variation_id": "var_013",
      "run_number": 1,
      "metrics": {
        "overall_score": 0.6719999999999999,
        "response_time": 15.22,
        "memory_usage": 50.44,
        "drift_score": 0.20220000000000002,
        "cot_quality": 0.7522
      },
      "timestamp": "2025-09-08T21:36:14.132895"
    },
    {
      "variation_id": "var_013",
      "run_number": 2,
      "metrics": {
        "overall_score": 0.722,
        "response_time": 15.22,
        "memory_usage": 50.44,
        "drift_score": 0.20220000000000002,
        "cot_quality": 0.7522
      },
      "timestamp": "2025-09-08T21:36:14.132905"
    },
    {
      "variation_id": "var_013",
      "run_number": 3,
      "metrics": {
        "overall_score": 0.772,
        "response_time": 15.22,
        "memory_usage": 50.44,
        "drift_score": 0.20220000000000002,
        "cot_quality": 0.7522
      },
      "timestamp": "2025-09-08T21:36:14.132914"
    },
    {
      "variation_id": "var_014",
      "run_number": 1,
      "metrics": {
        "overall_score": 0.6699999999999999,
        "response_time": 15.2,
        "memory_usage": 50.4,
        "drift_score": 0.202,
        "cot_quality": 0.752
      },
      "timestamp": "2025-09-08T21:36:14.132924"
    },
    {
      "variation_id": "var_014",
      "run_number": 2,
      "metrics": {
        "overall_score": 0.72,
        "response_time": 15.2,
        "memory_usage": 50.4,
        "drift_score": 0.202,
        "cot_quality": 0.752
      },
      "timestamp": "2025-09-08T21:36:14.132934"
    },
    {
      "variation_id": "var_014",
      "run_number": 3,
      "metrics": {
        "overall_score": 0.77,
        "response_time": 15.2,
        "memory_usage": 50.4,
        "drift_score": 0.202,
        "cot_quality": 0.752
      },
      "timestamp": "2025-09-08T21:36:14.132943"
    },
    {
      "variation_id": "var_015",
      "run_number": 1,
      "metrics": {
        "overall_score": 0.698,
        "response_time": 15.48,
        "memory_usage": 50.96,
        "drift_score": 0.2048,
        "cot_quality": 0.7548
      },
      "timestamp": "2025-09-08T21:36:14.132952"
    },
    {
      "variation_id": "var_015",
      "run_number": 2,
      "metrics": {
        "overall_score": 0.748,
        "response_time": 15.48,
        "memory_usage": 50.96,
        "drift_score": 0.2048,
        "cot_quality": 0.7548
      },
      "timestamp": "2025-09-08T21:36:14.132962"
    },
    {
      "variation_id": "var_015",
      "run_number": 3,
      "metrics": {
        "overall_score": 0.798,
        "response_time": 15.48,
        "memory_usage": 50.96,
        "drift_score": 0.2048,
        "cot_quality": 0.7548
      },
      "timestamp": "2025-09-08T21:36:14.132971"
    },
    {
      "variation_id": "var_016",
      "run_number": 1,
      "metrics": {
        "overall_score": 0.691,
        "response_time": 15.41,
        "memory_usage": 50.82,
        "drift_score": 0.2041,
        "cot_quality": 0.7541
      },
      "timestamp": "2025-09-08T21:36:14.132981"
    },
    {
      "variation_id": "var_016",
      "run_number": 2,
      "metrics": {
        "overall_score": 0.741,
        "response_time": 15.41,
        "memory_usage": 50.82,
        "drift_score": 0.2041,
        "cot_quality": 0.7541
      },
      "timestamp": "2025-09-08T21:36:14.132990"
    },
    {
      "variation_id": "var_016",
      "run_number": 3,
      "metrics": {
        "overall_score": 0.791,
        "response_time": 15.41,
        "memory_usage": 50.82,
        "drift_score": 0.2041,
        "cot_quality": 0.7541
      },
      "timestamp": "2025-09-08T21:36:14.133000"
    },
    {
      "variation_id": "var_017",
      "run_number": 1,
      "metrics": {
        "overall_score": 0.694,
        "response_time": 15.44,
        "memory_usage": 50.88,
        "drift_score": 0.2044,
        "cot_quality": 0.7544
      },
      "timestamp": "2025-09-08T21:36:14.133009"
    },
    {
      "variation_id": "var_017",
      "run_number": 2,
      "metrics": {
        "overall_score": 0.744,
        "response_time": 15.44,
        "memory_usage": 50.88,
        "drift_score": 0.2044,
        "cot_quality": 0.7544
      },
      "timestamp": "2025-09-08T21:36:14.133019"
    },
    {
      "variation_id": "var_017",
      "run_number": 3,
      "metrics": {
        "overall_score": 0.794,
        "response_time": 15.44,
        "memory_usage": 50.88,
        "drift_score": 0.2044,
        "cot_quality": 0.7544
      },
      "timestamp": "2025-09-08T21:36:14.133028"
    },
    {
      "variation_id": "var_018",
      "run_number": 1,
      "metrics": {
        "overall_score": 0.6739999999999999,
        "response_time": 15.24,
        "memory_usage": 50.48,
        "drift_score": 0.20240000000000002,
        "cot_quality": 0.7524
      },
      "timestamp": "2025-09-08T21:36:14.133038"
    },
    {
      "variation_id": "var_018",
      "run_number": 2,
      "metrics": {
        "overall_score": 0.724,
        "response_time": 15.24,
        "memory_usage": 50.48,
        "drift_score": 0.20240000000000002,
        "cot_quality": 0.7524
      },
      "timestamp": "2025-09-08T21:36:14.133047"
    },
    {
      "variation_id": "var_018",
      "run_number": 3,
      "metrics": {
        "overall_score": 0.774,
        "response_time": 15.24,
        "memory_usage": 50.48,
        "drift_score": 0.20240000000000002,
        "cot_quality": 0.7524
      },
      "timestamp": "2025-09-08T21:36:14.133057"
    },
    {
      "variation_id": "var_019",
      "run_number": 1,
      "metrics": {
        "overall_score": 0.6809999999999999,
        "response_time": 15.31,
        "memory_usage": 50.62,
        "drift_score": 0.2031,
        "cot_quality": 0.7531
      },
      "timestamp": "2025-09-08T21:36:14.133067"
    },
    {
      "variation_id": "var_019",
      "run_number": 2,
      "metrics": {
        "overall_score": 0.731,
        "response_time": 15.31,
        "memory_usage": 50.62,
        "drift_score": 0.2031,
        "cot_quality": 0.7531
      },
      "timestamp": "2025-09-08T21:36:14.133076"
    },
    {
      "variation_id": "var_019",
      "run_number": 3,
      "metrics": {
        "overall_score": 0.781,
        "response_time": 15.31,
        "memory_usage": 50.62,
        "drift_score": 0.2031,
        "cot_quality": 0.7531
      },
      "timestamp": "2025-09-08T21:36:14.133086"
    },
    {
      "variation_id": "var_020",
      "run_number": 1,
      "metrics": {
        "overall_score": 0.704,
        "response_time": 15.54,
        "memory_usage": 51.08,
        "drift_score": 0.2054,
        "cot_quality": 0.7554
      },
      "timestamp": "2025-09-08T21:36:14.133096"
    },
    {
      "variation_id": "var_020",
      "run_number": 2,
      "metrics": {
        "overall_score": 0.754,
        "response_time": 15.54,
        "memory_usage": 51.08,
        "drift_score": 0.2054,
        "cot_quality": 0.7554
      },
      "timestamp": "2025-09-08T21:36:14.133106"
    },
    {
      "variation_id": "var_020",
      "run_number": 3,
      "metrics": {
        "overall_score": 0.804,
        "response_time": 15.54,
        "memory_usage": 51.08,
        "drift_score": 0.2054,
        "cot_quality": 0.7554
      },
      "timestamp": "2025-09-08T21:36:14.133116"
    },
    {
      "variation_id": "var_021",
      "run_number": 1,
      "metrics": {
        "overall_score": 0.691,
        "response_time": 15.41,
        "memory_usage": 50.82,
        "drift_score": 0.2041,
        "cot_quality": 0.7541
      },
      "timestamp": "2025-09-08T21:36:14.133125"
    },
    {
      "variation_id": "var_021",
      "run_number": 2,
      "metrics": {
        "overall_score": 0.741,
        "response_time": 15.41,
        "memory_usage": 50.82,
        "drift_score": 0.2041,
        "cot_quality": 0.7541
      },
      "timestamp": "2025-09-08T21:36:14.133135"
    },
    {
      "variation_id": "var_021",
      "run_number": 3,
      "metrics": {
        "overall_score": 0.791,
        "response_time": 15.41,
        "memory_usage": 50.82,
        "drift_score": 0.2041,
        "cot_quality": 0.7541
      },
      "timestamp": "2025-09-08T21:36:14.133145"
    },
    {
      "variation_id": "var_022",
      "run_number": 1,
      "metrics": {
        "overall_score": 0.7169999999999999,
        "response_time": 15.67,
        "memory_usage": 51.34,
        "drift_score": 0.20670000000000002,
        "cot_quality": 0.7567
      },
      "timestamp": "2025-09-08T21:36:14.133155"
    },
    {
      "variation_id": "var_022",
      "run_number": 2,
      "metrics": {
        "overall_score": 0.7669999999999999,
        "response_time": 15.67,
        "memory_usage": 51.34,
        "drift_score": 0.20670000000000002,
        "cot_quality": 0.7567
      },
      "timestamp": "2025-09-08T21:36:14.133164"
    },
    {
      "variation_id": "var_022",
      "run_number": 3,
      "metrics": {
        "overall_score": 0.817,
        "response_time": 15.67,
        "memory_usage": 51.34,
        "drift_score": 0.20670000000000002,
        "cot_quality": 0.7567
      },
      "timestamp": "2025-09-08T21:36:14.133174"
    },
    {
      "variation_id": "var_023",
      "run_number": 1,
      "metrics": {
        "overall_score": 0.6749999999999999,
        "response_time": 15.25,
        "memory_usage": 50.5,
        "drift_score": 0.2025,
        "cot_quality": 0.7525
      },
      "timestamp": "2025-09-08T21:36:14.133184"
    },
    {
      "variation_id": "var_023",
      "run_number": 2,
      "metrics": {
        "overall_score": 0.725,
        "response_time": 15.25,
        "memory_usage": 50.5,
        "drift_score": 0.2025,
        "cot_quality": 0.7525
      },
      "timestamp": "2025-09-08T21:36:14.133193"
    },
    {
      "variation_id": "var_023",
      "run_number": 3,
      "metrics": {
        "overall_score": 0.775,
        "response_time": 15.25,
        "memory_usage": 50.5,
        "drift_score": 0.2025,
        "cot_quality": 0.7525
      },
      "timestamp": "2025-09-08T21:36:14.133202"
    },
    {
      "variation_id": "var_024",
      "run_number": 1,
      "metrics": {
        "overall_score": 0.7429999999999999,
        "response_time": 15.93,
        "memory_usage": 51.86,
        "drift_score": 0.2093,
        "cot_quality": 0.7593
      },
      "timestamp": "2025-09-08T21:36:14.133212"
    },
    {
      "variation_id": "var_024",
      "run_number": 2,
      "metrics": {
        "overall_score": 0.7929999999999999,
        "response_time": 15.93,
        "memory_usage": 51.86,
        "drift_score": 0.2093,
        "cot_quality": 0.7593
      },
      "timestamp": "2025-09-08T21:36:14.133221"
    },
    {
      "variation_id": "var_024",
      "run_number": 3,
      "metrics": {
        "overall_score": 0.843,
        "response_time": 15.93,
        "memory_usage": 51.86,
        "drift_score": 0.2093,
        "cot_quality": 0.7593
      },
      "timestamp": "2025-09-08T21:36:14.133231"
    },
    {
      "variation_id": "var_025",
      "run_number": 1,
      "metrics": {
        "overall_score": 0.6499999999999999,
        "response_time": 15.0,
        "memory_usage": 50.0,
        "drift_score": 0.2,
        "cot_quality": 0.75
      },
      "timestamp": "2025-09-08T21:36:14.133241"
    },
    {
      "variation_id": "var_025",
      "run_number": 2,
      "metrics": {
        "overall_score": 0.7,
        "response_time": 15.0,
        "memory_usage": 50.0,
        "drift_score": 0.2,
        "cot_quality": 0.75
      },
      "timestamp": "2025-09-08T21:36:14.133250"
    },
    {
      "variation_id": "var_025",
      "run_number": 3,
      "metrics": {
        "overall_score": 0.75,
        "response_time": 15.0,
        "memory_usage": 50.0,
        "drift_score": 0.2,
        "cot_quality": 0.75
      },
      "timestamp": "2025-09-08T21:36:14.133260"
    },
    {
      "variation_id": "var_026",
      "run_number": 1,
      "metrics": {
        "overall_score": 0.6809999999999999,
        "response_time": 15.31,
        "memory_usage": 50.62,
        "drift_score": 0.2031,
        "cot_quality": 0.7531
      },
      "timestamp": "2025-09-08T21:36:14.133269"
    },
    {
      "variation_id": "var_026",
      "run_number": 2,
      "metrics": {
        "overall_score": 0.731,
        "response_time": 15.31,
        "memory_usage": 50.62,
        "drift_score": 0.2031,
        "cot_quality": 0.7531
      },
      "timestamp": "2025-09-08T21:36:14.133280"
    },
    {
      "variation_id": "var_026",
      "run_number": 3,
      "metrics": {
        "overall_score": 0.781,
        "response_time": 15.31,
        "memory_usage": 50.62,
        "drift_score": 0.2031,
        "cot_quality": 0.7531
      },
      "timestamp": "2025-09-08T21:36:14.133289"
    }
  ]
}