{
  "metadata": {
    "model_name": "all-MiniLM-L6-v2",
    "analysis_timestamp": "2025-09-08T21:35:44.526323",
    "total_analyses": 1
  },
  "drift_history": [
    {
      "prompt_similarity": 0.9708631634712219,
      "semantic_distance": 0.029136836528778076,
      "token_variation": 0.48888888888888893,
      "argument_structure_drift": 0.0,
      "evidence_consistency": 1.0,
      "rebuttal_engagement_drift": 0.0,
      "overall_drift_score": 0.10651882873641122,
      "timestamp": "2025-09-08T21:35:44.526283"
    }
  ],
  "prompt_history": []
}