{
  "metadata": {
    "model_name": "all-MiniLM-L6-v2",
    "analysis_timestamp": "2025-09-08T21:41:45.889375",
    "total_analyses": 20
  },
  "drift_history": [
    {
      "prompt_similarity": 0.7075458765029907,
      "semantic_distance": 0.2924541234970093,
      "token_variation": 0.6868686868686869,
      "argument_structure_drift": 0.0,
      "evidence_consistency": 0.047619047619047616,
      "rebuttal_engagement_drift": 0.0,
      "overall_drift_score": 0.367967117279983,
      "timestamp": "2025-09-08T21:41:44.755112"
    },
    {
      "prompt_similarity": 0.6772054433822632,
      "semantic_distance": 0.3227945566177368,
      "token_variation": 0.6536796536796536,
      "argument_structure_drift": 0.0,
      "evidence_consistency": 0.15384615384615385,
      "rebuttal_engagement_drift": 0.0,
      "overall_drift_score": 0.3544973746443287,
      "timestamp": "2025-09-08T21:41:44.809749"
    },
    {
      "prompt_similarity": 0.6823185682296753,
      "semantic_distance": 0.3176814317703247,
      "token_variation": 0.6830357142857143,
      "argument_structure_drift": 0.0,
      "evidence_consistency": 0.2,
      "rebuttal_engagement_drift": 0.0,
      "overall_drift_score": 0.3519115723882403,
      "timestamp": "2025-09-08T21:41:44.855739"
    },
    {
      "prompt_similarity": 0.6580352783203125,
      "semantic_distance": 0.3419647216796875,
      "token_variation": 0.7366255144032922,
      "argument_structure_drift": 0.4,
      "evidence_consistency": 0.23076923076923078,
      "rebuttal_engagement_drift": 0.03571428571428571,
      "overall_drift_score": 0.45065627762632293,
      "timestamp": "2025-09-08T21:41:44.900693"
    },
    {
      "prompt_similarity": 0.6915796399116516,
      "semantic_distance": 0.3084203600883484,
      "token_variation": 0.7537313432835822,
      "argument_structure_drift": 0.4,
      "evidence_consistency": 0.10344827586206896,
      "rebuttal_engagement_drift": 0.01984126984126984,
      "overall_drift_score": 0.46073132578010106,
      "timestamp": "2025-09-08T21:41:44.947514"
    },
    {
      "prompt_similarity": 0.6379356980323792,
      "semantic_distance": 0.36206430196762085,
      "token_variation": 0.7793594306049823,
      "argument_structure_drift": 0.0,
      "evidence_consistency": 0.06451612903225806,
      "rebuttal_engagement_drift": 0.02444444444444445,
      "overall_drift_score": 0.40848042402311063,
      "timestamp": "2025-09-08T21:41:45.053787"
    },
    {
      "prompt_similarity": 0.6692198514938354,
      "semantic_distance": 0.33078014850616455,
      "token_variation": 0.738562091503268,
      "argument_structure_drift": 0.0,
      "evidence_consistency": 0.1935483870967742,
      "rebuttal_engagement_drift": 0.005925925925925932,
      "overall_drift_score": 0.3688030936768757,
      "timestamp": "2025-09-08T21:41:45.138204"
    },
    {
      "prompt_similarity": 0.697777509689331,
      "semantic_distance": 0.30222249031066895,
      "token_variation": 0.7557755775577557,
      "argument_structure_drift": 0.0,
      "evidence_consistency": 0.10526315789473684,
      "rebuttal_engagement_drift": 0.0026455026455026454,
      "overall_drift_score": 0.37642921431736664,
      "timestamp": "2025-09-08T21:41:45.216316"
    },
    {
      "prompt_similarity": 0.7309534549713135,
      "semantic_distance": 0.2690465450286865,
      "token_variation": 0.762396694214876,
      "argument_structure_drift": 0.0,
      "evidence_consistency": 0.19444444444444445,
      "rebuttal_engagement_drift": 0.005494505494505503,
      "overall_drift_score": 0.3548508115090903,
      "timestamp": "2025-09-08T21:41:45.284010"
    },
    {
      "prompt_similarity": 0.6877540349960327,
      "semantic_distance": 0.3122459650039673,
      "token_variation": 0.7474048442906575,
      "argument_structure_drift": 1.0,
      "evidence_consistency": 0.0,
      "rebuttal_engagement_drift": 0.08436724565756823,
      "overall_drift_score": 0.605809845207957,
      "timestamp": "2025-09-08T21:41:45.334194"
    },
    {
      "prompt_similarity": 0.4136274456977844,
      "semantic_distance": 0.5863725543022156,
      "token_variation": 0.961439588688946,
      "argument_structure_drift": 1.0,
      "evidence_consistency": 0.0,
      "rebuttal_engagement_drift": 0.08986175115207373,
      "overall_drift_score": 0.7316789467012649,
      "timestamp": "2025-09-08T21:41:45.380323"
    },
    {
      "prompt_similarity": 0.8486597537994385,
      "semantic_distance": 0.15134024620056152,
      "token_variation": 0.6797752808988764,
      "argument_structure_drift": 0.0,
      "evidence_consistency": 0.3076923076923077,
      "rebuttal_engagement_drift": 0.053571428571428575,
      "overall_drift_score": 0.2932389981718119,
      "timestamp": "2025-09-08T21:41:45.424652"
    },
    {
      "prompt_similarity": 0.8682089447975159,
      "semantic_distance": 0.13179105520248413,
      "token_variation": 0.6321243523316062,
      "argument_structure_drift": 0.0,
      "evidence_consistency": 0.2,
      "rebuttal_engagement_drift": 0.075,
      "overall_drift_score": 0.2972121870270665,
      "timestamp": "2025-09-08T21:41:45.471750"
    },
    {
      "prompt_similarity": 0.8895139694213867,
      "semantic_distance": 0.11048603057861328,
      "token_variation": 0.5792079207920793,
      "argument_structure_drift": 0.0,
      "evidence_consistency": 0.25,
      "rebuttal_engagement_drift": 0.05,
      "overall_drift_score": 0.26898739333199984,
      "timestamp": "2025-09-08T21:41:45.523617"
    },
    {
      "prompt_similarity": 0.909972071647644,
      "semantic_distance": 0.09002792835235596,
      "token_variation": 0.6296296296296297,
      "argument_structure_drift": 0.0,
      "evidence_consistency": 0.29411764705882354,
      "rebuttal_engagement_drift": 0.11764705882352941,
      "overall_drift_score": 0.2764637161963386,
      "timestamp": "2025-09-08T21:41:45.578238"
    },
    {
      "prompt_similarity": 0.8801307082176208,
      "semantic_distance": 0.11986929178237915,
      "token_variation": 0.6224899598393574,
      "argument_structure_drift": 1.0,
      "evidence_consistency": 0.15,
      "rebuttal_engagement_drift": 0.00735294117647059,
      "overall_drift_score": 0.4890617206790558,
      "timestamp": "2025-09-08T21:41:45.637359"
    },
    {
      "prompt_similarity": 0.8974055051803589,
      "semantic_distance": 0.10259449481964111,
      "token_variation": 0.6694560669456067,
      "argument_structure_drift": 1.0,
      "evidence_consistency": 0.2222222222222222,
      "rebuttal_engagement_drift": 0.125,
      "overall_drift_score": 0.5000862285016804,
      "timestamp": "2025-09-08T21:41:45.709685"
    },
    {
      "prompt_similarity": 0.867872416973114,
      "semantic_distance": 0.132127583026886,
      "token_variation": 0.6720430107526882,
      "argument_structure_drift": 0.0,
      "evidence_consistency": 0.15789473684210525,
      "rebuttal_engagement_drift": 0.05263157894736842,
      "overall_drift_score": 0.3082574033743929,
      "timestamp": "2025-09-08T21:41:45.787173"
    },
    {
      "prompt_similarity": 0.9261454343795776,
      "semantic_distance": 0.07385456562042236,
      "token_variation": 0.6073298429319371,
      "argument_structure_drift": 0.0,
      "evidence_consistency": 0.3333333333333333,
      "rebuttal_engagement_drift": 0.0026315789473684154,
      "overall_drift_score": 0.2440170751146194,
      "timestamp": "2025-09-08T21:41:45.834304"
    },
    {
      "prompt_similarity": 0.8378774523735046,
      "semantic_distance": 0.16212254762649536,
      "token_variation": 0.8077669902912621,
      "argument_structure_drift": 0.0,
      "evidence_consistency": 0.07692307692307693,
      "rebuttal_engagement_drift": 0.15895522388059702,
      "overall_drift_score": 0.37249498438982903,
      "timestamp": "2025-09-08T21:41:45.889297"
    }
  ],
  "prompt_history": []
}